<?xml version="1.0" encoding="UTF-8"?>
<project-private xmlns="http://www.netbeans.org/ns/project-private/1">
    <editor-bookmarks xmlns="http://www.netbeans.org/ns/editor-bookmarks/2" lastBookmarkId="0"/>
    <open-files xmlns="http://www.netbeans.org/ns/projectui-open-files/2">
        <group>
            <file>file:/C:/Users/David/Desktop/WebApplication1/web/index.xhtml</file>
            <file>file:/C:/Users/David/Desktop/WebApplication1/src/java/NewServlet.java</file>
            <file>file:/C:/Users/David/Desktop/WebApplication1/src/java/modelo/ListaPaises.java</file>
            <file>file:/C:/Users/David/Desktop/WebApplication1/src/java/modelo/Paics.java</file>
            <file>file:/C:/Users/David/Desktop/WebApplication1/src/java/modelo/iTraduc.java</file>
            <file>file:/C:/Users/David/Desktop/WebApplication1/src/java/modelo/Pais.java</file>
        </group>
    </open-files>
</project-private>
